,name,male,female
0,ed,1.0,0.0
1,hals,1.0,0.0
2,ian,1.0,0.0
3,m,1.0,0.0
4,james,1.0,0.0
5,henry,1.0,1.0
6,pierre,1.0,0.0
7,alfredo,1.0,0.0
8,sneed,1.0,0.0
9,darren,1.0,0.0
10,churbology,1.0,0.0
11,,1.0,1.0
12,michael,1.0,0.0
13,james,1.0,0.0
14,judson,1.0,0.0
15,donald,1.0,0.0
16,brian,0.0,1.0
17,,1.0,1.0
18,defender,1.0,0.0
19,michael,1.0,0.0
20,aaron,1.0,0.0
21,matt,1.0,0.0
22,alex,1.0,1.0
23,tim,1.0,1.0
24,tracy,1.0,1.0
25,spencer,1.0,0.0
26,michael,1.0,0.0
27,ed,1.0,0.0
28,hals,1.0,0.0
29,ian,1.0,0.0
30,m,1.0,0.0
31,james,1.0,0.0
32,henry,1.0,1.0
33,pierre,1.0,0.0
34,alfredo,1.0,0.0
35,sneed,1.0,0.0
36,darren,1.0,0.0
37,churbology,1.0,0.0
38,joshua,1.0,1.0
39,stephen,1.0,0.0
40,maycon,1.0,0.0
41,boooooo,1.0,1.0
42,diego,1.0,0.0
43,tahseen,0.0,1.0
44,,1.0,1.0
45,gerald,1.0,0.0
46,cathie,0.0,1.0
47,,1.0,1.0
48,f,1.0,0.0
49,rob,1.0,0.0
50,,1.0,1.0
51,,1.0,1.0
52,patrick,1.0,0.0
53,caleb,1.0,1.0
54,justin,1.0,1.0
55,,1.0,1.0
56,maxime,1.0,1.0
57,,1.0,1.0
58,,1.0,1.0
59,gerald,1.0,0.0
60,cathie,0.0,1.0
61,,1.0,1.0
62,f,1.0,0.0
63,rob,1.0,0.0
64,,1.0,1.0
65,,1.0,1.0
66,patrick,1.0,0.0
67,caleb,1.0,1.0
68,justin,1.0,1.0
69,,1.0,1.0
70,maxime,1.0,1.0
71,,1.0,1.0
72,j,1.0,0.0
73,jd,1.0,0.0
74,curtis,1.0,0.0
75,clifford,1.0,0.0
76,nico,1.0,0.0
77,daniel%20,1.0,1.0
78,francesco,1.0,0.0
79,,1.0,1.0
80,,1.0,1.0
81,,1.0,1.0
82,,1.0,1.0
83,,1.0,1.0
84,,1.0,1.0
85,ashley,0.0,1.0
86,mic,1.0,0.0
87,eric,1.0,0.0
88,val,1.0,1.0
89,bob,1.0,0.0
90,,1.0,1.0
91,marc-andré,0.0,1.0
92,william,1.0,0.0
93,,1.0,1.0
94,bastian,1.0,0.0
95,john,1.0,0.0
96,anirudh,0.0,1.0
97,john,1.0,0.0
98,,1.0,1.0
99,william,1.0,0.0
100,ray,1.0,0.0
101,chris,1.0,1.0
102,elroy,1.0,0.0
103,derek,1.0,0.0
104,david,1.0,0.0
105,,1.0,1.0
106,tucker,1.0,0.0
107,aharon,1.0,0.0
108,jacob,1.0,0.0
109,,1.0,1.0
110,andrew,1.0,0.0
111,sean,1.0,1.0
112,brian,0.0,1.0
113,al,1.0,1.0
114,tad,1.0,0.0
115,laura,0.0,1.0
116,lezlier,1.0,1.0
117,ashley,0.0,1.0
118,mic,1.0,0.0
119,eric,1.0,0.0
120,val,1.0,1.0
121,bob,1.0,0.0
122,,1.0,1.0
123,marc-andré,0.0,1.0
124,william,1.0,0.0
125,,1.0,1.0
126,bastian,1.0,0.0
127,john,1.0,0.0
128,anirudh,0.0,1.0
129,john,1.0,0.0
130,darth,1.0,0.0
131,,1.0,1.0
132,william,1.0,0.0
133,ray,1.0,0.0
134,chris,1.0,1.0
135,elroy,1.0,0.0
136,derek,1.0,0.0
137,andrew,1.0,0.0
138,asjdasod,1.0,0.0
139,matt,1.0,0.0
140,,1.0,1.0
141,antti,0.0,1.0
142,michael,1.0,0.0
143,david,1.0,0.0
144,mark,1.0,0.0
145,ozy,1.0,0.0
146,,1.0,1.0
147,logan,1.0,0.0
148,ian,1.0,0.0
149,sanjay,1.0,1.0
150,denis,1.0,0.0
151,matt,1.0,0.0
152,tom,1.0,0.0
153,roger,1.0,0.0
154,vince,1.0,0.0
155,,1.0,1.0
156,jr,1.0,0.0
157,,1.0,1.0
158,matt,1.0,0.0
159,a,0.0,1.0
160,taylor,1.0,0.0
161,stanton,1.0,0.0
162,andrew,1.0,0.0
163,asjdasod,1.0,0.0
164,matt,1.0,0.0
165,,1.0,1.0
166,antti,0.0,1.0
167,michael,1.0,0.0
168,david,1.0,0.0
169,mark,1.0,0.0
170,ozy,1.0,0.0
171,,1.0,1.0
172,logan,1.0,0.0
173,ian,1.0,0.0
174,sanjay,1.0,1.0
175,denis,1.0,0.0
176,matt,1.0,0.0
177,jake,1.0,0.0
178,andrew,1.0,0.0
179,chris,1.0,1.0
180,khoi,0.0,1.0
181,gabriel,1.0,1.0
182,,1.0,1.0
183,nathan,1.0,0.0
184,brad,1.0,0.0
185,falko,0.0,1.0
186,,1.0,1.0
187,,1.0,1.0
188,maximus,1.0,0.0
189,john,1.0,0.0
190,,1.0,1.0
191,paul,1.0,0.0
192,anders,1.0,0.0
193,,1.0,1.0
194,mark,1.0,0.0
195,,1.0,1.0
196,bryce,1.0,0.0
197,bryce,1.0,0.0
198,,1.0,1.0
199,,1.0,1.0
200,max,1.0,1.0
201,shahmir,1.0,1.0
202,szymon,1.0,0.0
203,ansar,1.0,0.0
204,,1.0,1.0
205,willem,1.0,0.0
206,joseph,1.0,0.0
207,dc,1.0,0.0
208,?ukasz,1.0,0.0
209,a,0.0,1.0
210,éva,0.0,1.0
211,franklyn,1.0,0.0
212,john,1.0,0.0
213,eddie,1.0,1.0
214,ian,1.0,0.0
215,matien,0.0,1.0
216,,1.0,1.0
217,joaquim,1.0,0.0
218,dave,1.0,1.0
219,don,1.0,0.0
220,marc,1.0,0.0
221,tayloe,1.0,0.0
222,andreas,1.0,0.0
223,,1.0,1.0
224,glen,0.0,1.0
225,,1.0,1.0
226,roger,1.0,0.0
227,drag,1.0,0.0
228,,1.0,1.0
229,david,1.0,0.0
230,jonathan,1.0,0.0
231,mario,1.0,0.0
232,josh%20,1.0,0.0
233,francisco,1.0,0.0
234,sarah,0.0,1.0
235,rohan,1.0,0.0
236,,1.0,1.0
237,garrett,1.0,0.0
238,,1.0,1.0
239,ramsey,1.0,0.0
240,adam,1.0,0.0
241,,1.0,1.0
242,pierre,1.0,0.0
243,richard%20,1.0,0.0
244,t,1.0,0.0
245,pdog,1.0,0.0
246,miriam,0.0,1.0
247,reid,1.0,0.0
248,ashton,1.0,0.0
249,,1.0,1.0
250,ryan,0.0,1.0
251,tommy,1.0,1.0
252,mohammed,1.0,0.0
253,,1.0,1.0
254,austin,1.0,1.0
255,matteo,1.0,0.0
256,mick,1.0,0.0
257,joe,1.0,0.0
258,andres,1.0,0.0
259,,1.0,1.0
260,shin,1.0,1.0
261,rick,1.0,0.0
262,,1.0,1.0
263,connor,0.0,1.0
264,l,1.0,1.0
265,robert,1.0,0.0
266,ronnie,0.0,1.0
267,joseph,1.0,0.0
268,john,1.0,0.0
269,,1.0,1.0
270,teresa,0.0,1.0
271,,1.0,1.0
272,nick,1.0,0.0
273,h,1.0,0.0
274,tony,1.0,1.0
275,matteo,1.0,0.0
276,mick,1.0,0.0
277,joe,1.0,0.0
278,andres,1.0,0.0
279,,1.0,1.0
280,shin,1.0,1.0
281,rick,1.0,0.0
282,,1.0,1.0
283,connor,0.0,1.0
284,l,1.0,1.0
285,robert,1.0,0.0
286,ronnie,0.0,1.0
287,joseph,1.0,0.0
288,john,1.0,0.0
289,,1.0,1.0
290,teresa,0.0,1.0
291,,1.0,1.0
292,nick,1.0,0.0
293,h,1.0,0.0
294,rob,1.0,0.0
295,jonah,1.0,0.0
296,mateo,1.0,0.0
297,danny,0.0,1.0
298,,1.0,1.0
299,,1.0,1.0
300,oliver,1.0,0.0
301,john,1.0,0.0
302,jill,0.0,1.0
303,everybody,0.0,1.0
304,,1.0,1.0
305,john,1.0,0.0
306,slade,1.0,0.0
307,josh,1.0,0.0
308,major,1.0,0.0
309,,1.0,1.0
310,,1.0,1.0
311,edward,1.0,0.0
312,james,1.0,0.0
313,,1.0,1.0
314,,1.0,1.0
315,augusto,1.0,0.0
316,,1.0,1.0
317,,1.0,1.0
318,leandra,0.0,1.0
319,mario,1.0,0.0
320,beau,1.0,1.0
321,,1.0,1.0
322,mj,1.0,1.0
323,felipe,0.0,1.0
324,ilsa,0.0,1.0
325,alan,1.0,0.0
326,natalie,0.0,1.0
327,tim,1.0,1.0
328,t,1.0,0.0
329,,1.0,1.0
330,john,1.0,0.0
331,,1.0,1.0
332,nicholas%20,1.0,0.0
333,,1.0,1.0
334,clayton,1.0,0.0
335,benjamin,1.0,0.0
336,,1.0,1.0
337,brandon,1.0,0.0
338,kyle,1.0,1.0
339,,1.0,1.0
340,augusto,1.0,0.0
341,,1.0,1.0
342,,1.0,1.0
343,leandra,0.0,1.0
344,mario,1.0,0.0
345,beau,1.0,1.0
346,,1.0,1.0
347,mj,1.0,1.0
348,felipe,0.0,1.0
349,ilsa,0.0,1.0
350,alan,1.0,0.0
351,natalie,0.0,1.0
352,tim,1.0,1.0
353,t,1.0,0.0
354,t,1.0,0.0
355,,1.0,1.0
356,john,1.0,0.0
357,,1.0,1.0
358,nicholas%20,1.0,0.0
359,,1.0,1.0
360,jan,1.0,1.0
361,somchai,1.0,0.0
362,luqman,1.0,0.0
363,talha,0.0,1.0
364,will,1.0,0.0
365,guillaume,1.0,0.0
366,jason,1.0,0.0
367,nicolas%20,0.0,1.0
368,ben,1.0,0.0
369,,1.0,1.0
370,nelson,1.0,0.0
371,,1.0,1.0
372,k,1.0,0.0
373,k,1.0,0.0
374,,1.0,1.0
375,mccormack,1.0,0.0
376,arthur,1.0,0.0
377,olivia,0.0,1.0
378,s,1.0,0.0
379,madisshya,0.0,1.0
380,broden%20,1.0,0.0
381,darth,1.0,0.0
382,larry,1.0,0.0
383,opszelda,0.0,1.0
384,,1.0,1.0
385,miguel,1.0,0.0
386,jason,1.0,0.0
387,dave,1.0,1.0
388,carmella,0.0,1.0
389,vincent,1.0,0.0
390,mark,1.0,0.0
391,farl,0.0,1.0
392,david,1.0,0.0
393,rob,1.0,0.0
394,jon,1.0,0.0
395,r,1.0,0.0
396,justin,1.0,1.0
397,,1.0,1.0
398,jeremy,1.0,0.0
399,,1.0,1.0
400,kevin%20,0.0,1.0
401,marcel,1.0,0.0
402,ben,1.0,0.0
403,reggie,1.0,1.0
404,steven,1.0,0.0
405,phil,1.0,1.0
406,aysu,1.0,1.0
407,philip,1.0,0.0
408,jacque,0.0,1.0
409,jonathan,1.0,0.0
410,gaz,1.0,0.0
411,,1.0,1.0
412,jin,1.0,0.0
413,philip,1.0,0.0
414,jacque,0.0,1.0
415,jonathan,1.0,0.0
416,gaz,1.0,0.0
417,,1.0,1.0
418,jin,1.0,0.0
419,,1.0,1.0
420,jim,1.0,0.0
421,patrick,1.0,0.0
422,joshua,1.0,1.0
423,tadeu,1.0,0.0
424,,1.0,1.0
425,sue,0.0,1.0
426,,1.0,1.0
427,dave,1.0,1.0
428,,1.0,1.0
429,dan,1.0,0.0
430,,1.0,1.0
431,,1.0,1.0
432,jeff,1.0,0.0
433,tao,1.0,0.0
434,sean,1.0,1.0
435,alex,1.0,1.0
436,luke,1.0,0.0
437,thomas,1.0,0.0
438,robert,1.0,0.0
439,teddy,1.0,1.0
440,arnold,1.0,0.0
441,ben,1.0,0.0
442,,1.0,1.0
443,jon,1.0,0.0
444,casey,0.0,1.0
445,edrei,0.0,1.0
446,,1.0,1.0
447,gilles,1.0,1.0
448,,1.0,1.0
449,manuel,1.0,0.0
450,,1.0,1.0
451,matthew,1.0,0.0
452,andrew,1.0,0.0
453,gene,1.0,1.0
454,shane,1.0,1.0
455,paul,1.0,0.0
456,dan,1.0,0.0
457,chris,1.0,1.0
458,john,1.0,0.0
459,istvan,1.0,0.0
460,nicholas,1.0,0.0
461,deanna,0.0,1.0
462,mike,1.0,0.0
463,michel,1.0,1.0
464,,1.0,1.0
465,nicolas,1.0,0.0
466,alpan,1.0,0.0
467,david,1.0,0.0
468,car,1.0,0.0
469,paul,1.0,0.0
470,chris,1.0,1.0
471,christian,1.0,1.0
472,william,1.0,0.0
473,william,1.0,0.0
474,rob,1.0,0.0
475,greg,1.0,0.0
476,chris,1.0,1.0
477,r,1.0,0.0
478,dan,1.0,0.0
479,david,1.0,0.0
480,augusto,1.0,0.0
481,,1.0,1.0
482,poop,1.0,0.0
483,david,1.0,0.0
484,andre,1.0,0.0
485,,1.0,1.0
486,nick,1.0,0.0
487,,1.0,1.0
488,thunderstroke,1.0,0.0
489,jason,1.0,0.0
490,noel,1.0,1.0
491,,1.0,1.0
492,matthew,1.0,0.0
493,matthew,1.0,0.0
494,thomas,1.0,0.0
495,sergio,1.0,0.0
496,jim,1.0,0.0
497,emilia,0.0,1.0
498,james,1.0,0.0
499,jason,1.0,0.0
500,samuel,1.0,0.0
501,,1.0,1.0
502,christopher,1.0,0.0
503,elizabeth,0.0,1.0
504,mike,1.0,0.0
505,jose,0.0,1.0
506,,1.0,1.0
507,,1.0,1.0
508,,1.0,1.0
509,fahran,1.0,1.0
510,robert,1.0,0.0
511,timothy,1.0,0.0
512,,1.0,1.0
513,simon,1.0,0.0
514,,1.0,1.0
515,keith,1.0,0.0
516,,1.0,1.0
517,,1.0,1.0
518,tim,1.0,1.0
519,,1.0,1.0
520,,1.0,1.0
521,mind,0.0,1.0
522,matt,1.0,0.0
523,nathan,1.0,0.0
524,,1.0,1.0
525,,1.0,1.0
526,lydia,0.0,1.0
527,sterling,1.0,0.0
528,ray,1.0,0.0
529,eric,1.0,0.0
530,john,1.0,0.0
531,william,1.0,0.0
532,lisa,0.0,1.0
533,william,1.0,0.0
534,lisa,0.0,1.0
535,,1.0,1.0
536,,1.0,1.0
537,elliot,1.0,0.0
538,tim,1.0,1.0
539,jeff,1.0,0.0
540,,1.0,1.0
541,curtis,1.0,0.0
542,liz,0.0,1.0
543,,1.0,1.0
544,rebecca,0.0,1.0
545,,1.0,1.0
546,,1.0,1.0
547,jason,1.0,0.0
548,sean,1.0,1.0
549,lee,0.0,1.0
550,brad,1.0,0.0
551,vicki,0.0,1.0
552,ray,1.0,0.0
553,eric,1.0,0.0
554,john,1.0,0.0
555,william,1.0,0.0
556,lisa,0.0,1.0
557,,1.0,1.0
558,,1.0,1.0
559,elliot,1.0,0.0
560,tim,1.0,1.0
561,jeff,1.0,0.0
562,,1.0,1.0
563,curtis,1.0,0.0
564,liz,0.0,1.0
565,,1.0,1.0
566,rebecca,0.0,1.0
567,,1.0,1.0
568,,1.0,1.0
569,jason,1.0,0.0
570,sean,1.0,1.0
571,scottfi,1.0,0.0
572,andrew,1.0,0.0
573,kai,0.0,1.0
574,,1.0,1.0
575,,1.0,1.0
576,samantha,0.0,1.0
577,,1.0,1.0
578,t,1.0,0.0
579,steven,1.0,0.0
580,eun,1.0,1.0
581,,1.0,1.0
582,kevin,1.0,0.0
583,ceorcan,0.0,1.0
584,kwarkon,1.0,0.0
585,marc,1.0,0.0
586,,1.0,1.0
587,max,1.0,1.0
588,joel,1.0,0.0
589,jason,1.0,0.0
590,g,1.0,0.0
591,,1.0,1.0
592,max,1.0,1.0
593,joel,1.0,0.0
594,jason,1.0,0.0
595,g,1.0,0.0
596,mk,1.0,0.0
597,steve,1.0,0.0
598,matt,1.0,0.0
599,jar,1.0,0.0
600,john,1.0,0.0
601,trump,1.0,0.0
602,dmitry,1.0,0.0
603,,1.0,1.0
604,ricardo,1.0,0.0
605,,1.0,1.0
606,florrie,0.0,1.0
607,kenny,1.0,0.0
608,,1.0,1.0
609,bob,1.0,0.0
610,digital,0.0,1.0
611,michael,1.0,0.0
612,christa,0.0,1.0
613,andy,1.0,1.0
614,dave,1.0,1.0
615,gary,1.0,0.0
616,steve,1.0,0.0
617,daniel,1.0,1.0
618,jeff,1.0,0.0
619,,1.0,1.0
620,,1.0,1.0
621,,1.0,1.0
622,thomas,1.0,0.0
623,tony,1.0,1.0
624,vivek,0.0,1.0
625,jonathon,1.0,0.0
626,mark,1.0,0.0
627,john,1.0,0.0
628,hedley,0.0,1.0
629,jacob,1.0,0.0
630,chris,1.0,1.0
631,kieran,0.0,1.0
632,john,1.0,0.0
633,stephen,1.0,0.0
634,dave,1.0,1.0
635,le,1.0,1.0
636,,1.0,1.0
637,helen,0.0,1.0
638,katie,0.0,1.0
639,mario,1.0,0.0
640,henry_macyd,1.0,0.0
641,,1.0,1.0
642,movie,1.0,1.0
643,mohammed,1.0,0.0
644,,1.0,1.0
645,mark,1.0,0.0
646,,1.0,1.0
647,brian,0.0,1.0
648,karl,1.0,0.0
649,robert,1.0,0.0
650,,1.0,1.0
651,bantha,0.0,1.0
652,brandon,1.0,0.0
653,james,1.0,0.0
654,jeremy,1.0,0.0
655,jeroen,1.0,0.0
656,,1.0,1.0
657,jacob,1.0,0.0
658,gabe,1.0,0.0
659,dude,1.0,1.0
660,ned,1.0,0.0
661,bruno,1.0,0.0
662,tanel%20,0.0,1.0
663,kenneth,1.0,0.0
664,,1.0,1.0
665,,1.0,1.0
666,,1.0,1.0
667,linn,0.0,1.0
668,nikolas,1.0,0.0
669,john,1.0,0.0
670,adrian,1.0,1.0
671,kevin,1.0,0.0
672,alexandra,0.0,1.0
673,,1.0,1.0
674,john,1.0,0.0
675,abduljalil,1.0,1.0
676,,1.0,1.0
677,bonger,1.0,0.0
678,,1.0,1.0
679,jeromy,1.0,0.0
680,brian,0.0,1.0
681,jaeson,1.0,0.0
682,gregory,1.0,0.0
683,jeff,1.0,0.0
684,chiara,0.0,1.0
685,bob,1.0,0.0
686,david,1.0,0.0
687,,1.0,1.0
688,alan,1.0,0.0
689,hugh,1.0,0.0
690,,1.0,1.0
691,kevin,1.0,0.0
692,alexandra,0.0,1.0
693,,1.0,1.0
694,john,1.0,0.0
695,abduljalil,1.0,1.0
696,,1.0,1.0
697,bonger,1.0,0.0
698,,1.0,1.0
699,jeromy,1.0,0.0
700,brian,0.0,1.0
701,jaeson,1.0,0.0
702,gregory,1.0,0.0
703,jeff,1.0,0.0
704,chiara,0.0,1.0
705,bob,1.0,0.0
706,david,1.0,0.0
707,,1.0,1.0
708,alan,1.0,0.0
709,hugh,1.0,0.0
710,,1.0,1.0
711,stefanie,0.0,1.0
712,zeke,1.0,0.0
713,ian,1.0,0.0
714,connor,0.0,1.0
715,,1.0,1.0
716,nicole,0.0,1.0
717,,1.0,1.0
718,mark,1.0,0.0
719,,1.0,1.0
720,,1.0,1.0
721,,1.0,1.0
722,,1.0,1.0
723,jason,1.0,0.0
724,vishnunath,1.0,1.0
725,k,1.0,0.0
726,dehorb,1.0,1.0
727,z,1.0,0.0
728,,1.0,1.0
729,,1.0,1.0
730,michael,1.0,0.0
731,joo,1.0,1.0
732,,1.0,1.0
733,petar,0.0,1.0
734,justin,1.0,1.0
735,alien,0.0,1.0
