,first_name,male_x,female_x,sex_x,male_y,female_y,sex_y
0,,1.0,1.0,both,,,
1,?ukasz,1.0,0.0,male,1.0,0.0,male
2,a,0.0,1.0,female,0.0,1.0,female
3,aaron,1.0,0.0,male,1.0,0.0,male
4,abdallah,1.0,0.0,male,1.0,0.0,male
5,abduljalil,1.0,0.0,male,1.0,1.0,both
6,adam,1.0,0.0,male,1.0,0.0,male
7,adrian,1.0,1.0,both,1.0,1.0,both
8,aharon,1.0,0.0,male,1.0,0.0,male
9,al,1.0,0.0,male,1.0,1.0,both
10,alan,1.0,0.0,male,1.0,0.0,male
11,alex,1.0,1.0,both,1.0,1.0,both
12,alexandra,0.0,1.0,female,0.0,1.0,female
13,alfredo,1.0,0.0,male,1.0,0.0,male
14,alien,0.0,1.0,female,1.0,1.0,both
15,alpan,1.0,0.0,male,1.0,0.0,male
16,anders,1.0,0.0,male,1.0,0.0,male
17,andre,1.0,0.0,male,1.0,0.0,male
18,andreas,1.0,0.0,male,1.0,0.0,male
19,andres,1.0,0.0,male,1.0,0.0,male
20,andrew,1.0,0.0,male,1.0,0.0,male
21,andy,1.0,1.0,both,1.0,1.0,both
22,anirudh,0.0,1.0,female,0.0,1.0,female
23,ansar,1.0,0.0,male,1.0,0.0,male
24,antti,0.0,1.0,female,0.0,1.0,female
25,arnold,1.0,0.0,male,1.0,0.0,male
26,arthur,1.0,0.0,male,1.0,0.0,male
27,ashley,1.0,1.0,both,0.0,1.0,female
28,ashton,1.0,0.0,male,1.0,0.0,male
29,asjdasod,1.0,0.0,male,1.0,0.0,male
30,atlas,1.0,0.0,male,1.0,0.0,male
31,augusto,1.0,0.0,male,1.0,0.0,male
32,austin,1.0,0.0,male,1.0,1.0,both
33,axel,1.0,0.0,male,1.0,0.0,male
34,aysu,0.0,1.0,female,1.0,1.0,both
35,bantha,0.0,1.0,female,0.0,1.0,female
36,bastian,1.0,0.0,male,1.0,0.0,male
37,beau,1.0,1.0,both,1.0,1.0,both
38,ben,1.0,0.0,male,1.0,0.0,male
39,ben%20,1.0,0.0,male,1.0,0.0,male
40,benjamin,1.0,0.0,male,1.0,0.0,male
41,bob,1.0,0.0,male,1.0,0.0,male
42,bonger,1.0,0.0,male,1.0,0.0,male
43,boooooo,1.0,1.0,both,1.0,1.0,both
44,brad,1.0,0.0,male,1.0,0.0,male
45,brandon,1.0,0.0,male,1.0,0.0,male
46,brendan%20,1.0,0.0,male,1.0,0.0,male
47,brian,1.0,0.0,male,1.0,0.0,male
48,broden%20,1.0,0.0,male,1.0,0.0,male
49,bruno,1.0,0.0,male,1.0,0.0,male
50,bryan,1.0,0.0,male,1.0,0.0,male
51,bryce,1.0,0.0,male,1.0,0.0,male
52,caleb,1.0,1.0,both,1.0,0.0,male
53,car,1.0,0.0,male,1.0,0.0,male
54,carlos,1.0,0.0,male,1.0,0.0,male
55,carmella,0.0,1.0,female,0.0,1.0,female
56,casey,1.0,1.0,both,0.0,1.0,female
57,cathie,0.0,1.0,female,0.0,1.0,female
58,ceorcan,1.0,1.0,both,0.0,1.0,female
59,chen,1.0,0.0,male,1.0,0.0,male
60,chiara,0.0,1.0,female,0.0,1.0,female
61,chris,1.0,1.0,both,1.0,1.0,both
62,christa,0.0,1.0,female,0.0,1.0,female
63,christian,0.0,1.0,female,1.0,1.0,both
64,christopher,1.0,0.0,male,1.0,0.0,male
65,churbology,1.0,0.0,male,1.0,0.0,male
66,clayton,1.0,0.0,male,1.0,0.0,male
67,clifford,1.0,0.0,male,1.0,0.0,male
68,cody,0.0,1.0,female,0.0,1.0,female
69,connor,1.0,0.0,male,1.0,0.0,male
70,curtis,1.0,0.0,male,1.0,0.0,male
71,dan,1.0,0.0,male,1.0,0.0,male
72,daniel,1.0,1.0,both,1.0,0.0,male
73,daniel%20,1.0,1.0,both,1.0,0.0,male
74,danny,1.0,1.0,both,1.0,0.0,male
75,darren,1.0,0.0,male,1.0,0.0,male
76,darth,1.0,0.0,male,1.0,0.0,male
77,dave,1.0,0.0,male,1.0,0.0,male
78,david,1.0,0.0,male,1.0,0.0,male
79,dc,1.0,0.0,male,1.0,0.0,male
80,deanna,0.0,1.0,female,0.0,1.0,female
81,defender,1.0,0.0,male,1.0,0.0,male
82,dehorb,0.0,1.0,female,1.0,1.0,both
83,demetrius,1.0,0.0,male,1.0,0.0,male
84,demian,1.0,0.0,male,1.0,0.0,male
85,denis,1.0,0.0,male,1.0,0.0,male
86,derek,1.0,0.0,male,1.0,0.0,male
87,dick,1.0,0.0,male,1.0,0.0,male
88,diego,1.0,0.0,male,1.0,0.0,male
89,digital,0.0,1.0,female,1.0,1.0,both
90,dmitry,1.0,0.0,male,1.0,0.0,male
91,don,1.0,0.0,male,1.0,0.0,male
92,donald,1.0,0.0,male,1.0,0.0,male
93,drag,1.0,0.0,male,1.0,0.0,male
94,dude,1.0,1.0,both,1.0,0.0,male
95,dylan,1.0,0.0,male,1.0,0.0,male
96,ed,1.0,0.0,male,1.0,0.0,male
97,eddie,1.0,1.0,both,1.0,0.0,male
98,edrei,0.0,1.0,female,0.0,1.0,female
99,edward,1.0,0.0,male,1.0,0.0,male
100,elizabeth,0.0,1.0,female,0.0,1.0,female
101,elliot,1.0,0.0,male,1.0,0.0,male
102,elroy,1.0,0.0,male,1.0,0.0,male
103,emilia,0.0,1.0,female,0.0,1.0,female
104,eric,1.0,0.0,male,1.0,0.0,male
105,erin,0.0,1.0,female,0.0,1.0,female
106,eun,1.0,0.0,male,1.0,1.0,both
107,everybody,1.0,1.0,both,1.0,1.0,both
108,f,1.0,0.0,male,1.0,0.0,male
109,fahran,0.0,1.0,female,1.0,1.0,both
110,falko,0.0,1.0,female,0.0,1.0,female
111,farl,1.0,0.0,male,0.0,0.0,both
112,felipe,0.0,1.0,female,1.0,0.0,male
113,florrie,0.0,1.0,female,0.0,1.0,female
114,francesco,1.0,0.0,male,1.0,0.0,male
115,francisco,1.0,0.0,male,1.0,0.0,male
116,franklyn,1.0,1.0,both,1.0,0.0,male
117,g,1.0,0.0,male,1.0,0.0,male
118,gabe,1.0,0.0,male,1.0,0.0,male
119,gabriel,1.0,1.0,both,1.0,1.0,both
120,garrett,1.0,0.0,male,1.0,0.0,male
121,gary,1.0,0.0,male,1.0,0.0,male
122,gaz,1.0,0.0,male,1.0,0.0,male
123,gene,1.0,1.0,both,1.0,1.0,both
124,george,1.0,1.0,both,1.0,1.0,both
125,gerald,1.0,0.0,male,1.0,0.0,male
126,gil,1.0,0.0,male,1.0,0.0,male
127,gilles,1.0,0.0,male,1.0,1.0,both
128,glen,1.0,1.0,both,0.0,1.0,female
129,greg,1.0,0.0,male,1.0,0.0,male
130,gregory,1.0,0.0,male,1.0,0.0,male
131,guillaume,1.0,0.0,male,1.0,0.0,male
132,h,1.0,0.0,male,1.0,0.0,male
133,hals,1.0,0.0,male,1.0,0.0,male
134,handan,1.0,0.0,male,1.0,0.0,male
135,hedley,1.0,1.0,both,0.0,1.0,female
136,helen,0.0,1.0,female,0.0,1.0,female
137,henry,1.0,0.0,male,1.0,0.0,male
138,henry_macyd,1.0,0.0,male,1.0,0.0,male
139,hugh,1.0,0.0,male,1.0,0.0,male
140,ian,1.0,0.0,male,1.0,0.0,male
141,ilsa,0.0,1.0,female,0.0,1.0,female
142,im,1.0,0.0,male,1.0,0.0,male
143,israel,1.0,0.0,male,1.0,0.0,male
144,istvan,1.0,0.0,male,1.0,0.0,male
145,j,1.0,1.0,both,1.0,0.0,male
146,jacob,1.0,0.0,male,1.0,0.0,male
147,jacque,0.0,1.0,female,0.0,1.0,female
148,jaeson,1.0,0.0,male,1.0,0.0,male
149,jaime,0.0,1.0,female,0.0,1.0,female
150,jake,1.0,0.0,male,1.0,0.0,male
151,james,1.0,0.0,male,1.0,0.0,male
152,jan,1.0,1.0,both,1.0,1.0,both
153,jar,1.0,0.0,male,1.0,0.0,male
154,jared,1.0,0.0,male,1.0,0.0,male
155,jason,1.0,0.0,male,1.0,0.0,male
156,jd,1.0,0.0,male,1.0,0.0,male
157,jeff,1.0,0.0,male,1.0,0.0,male
158,jeremy,1.0,0.0,male,1.0,0.0,male
159,jeroen,1.0,0.0,male,1.0,0.0,male
160,jeromy,1.0,0.0,male,1.0,0.0,male
161,jerry,1.0,1.0,both,1.0,1.0,both
162,jill,0.0,1.0,female,0.0,1.0,female
163,jim,1.0,0.0,male,1.0,0.0,male
164,jin,1.0,0.0,male,1.0,0.0,male
165,joaquim,1.0,0.0,male,1.0,0.0,male
166,joe,1.0,0.0,male,1.0,0.0,male
167,joel,0.0,1.0,female,1.0,0.0,male
168,john,1.0,0.0,male,1.0,0.0,male
169,jon,1.0,0.0,male,1.0,0.0,male
170,jonah,0.0,1.0,female,1.0,0.0,male
171,jonathan,1.0,0.0,male,1.0,0.0,male
172,jonathon,1.0,0.0,male,1.0,0.0,male
173,joo,1.0,1.0,both,1.0,1.0,both
174,jose,1.0,0.0,male,0.0,0.0,both
175,jose%20,1.0,0.0,male,1.0,0.0,male
176,joseph,1.0,0.0,male,1.0,0.0,male
177,josh,1.0,0.0,male,1.0,0.0,male
178,josh%20,1.0,0.0,male,1.0,0.0,male
179,joshua,1.0,0.0,male,1.0,0.0,male
180,jr,1.0,0.0,male,1.0,0.0,male
181,juan,1.0,0.0,male,1.0,0.0,male
182,judson,1.0,0.0,male,1.0,0.0,male
183,justin,1.0,1.0,both,1.0,0.0,male
184,k,1.0,0.0,male,1.0,0.0,male
185,kai,0.0,1.0,female,1.0,1.0,both
186,karl,0.0,1.0,female,1.0,0.0,male
187,katie,0.0,1.0,female,0.0,1.0,female
188,keith,0.0,1.0,female,1.0,0.0,male
189,kenneth,1.0,0.0,male,1.0,0.0,male
190,kenny,1.0,0.0,male,1.0,0.0,male
191,kevin,1.0,0.0,male,1.0,0.0,male
192,kevin%20,1.0,0.0,male,1.0,0.0,male
193,khoi,0.0,1.0,female,0.0,1.0,female
194,kieran,0.0,1.0,female,1.0,1.0,both
195,komgrich,1.0,0.0,male,1.0,0.0,male
196,kwarkon,1.0,0.0,male,1.0,0.0,male
197,kyle,1.0,1.0,both,1.0,0.0,male
198,l,1.0,1.0,both,1.0,1.0,both
199,larry,1.0,0.0,male,1.0,0.0,male
200,laura,0.0,1.0,female,0.0,1.0,female
201,laurence,1.0,0.0,male,1.0,0.0,male
202,le,1.0,1.0,both,1.0,1.0,both
203,leandra,0.0,1.0,female,0.0,1.0,female
204,lee,1.0,1.0,both,0.0,1.0,female
205,lezlier,0.0,1.0,female,1.0,1.0,both
206,linn,1.0,1.0,both,0.0,1.0,female
207,lisa,0.0,1.0,female,0.0,1.0,female
208,liz,0.0,1.0,female,0.0,1.0,female
209,logan,1.0,0.0,male,1.0,0.0,male
210,lucia,0.0,1.0,female,0.0,1.0,female
211,luke,1.0,0.0,male,1.0,0.0,male
212,luqman,1.0,0.0,male,1.0,0.0,male
213,lydia,0.0,1.0,female,0.0,1.0,female
214,m,1.0,0.0,male,1.0,0.0,male
215,madisshya,0.0,1.0,female,0.0,1.0,female
216,major,1.0,0.0,male,1.0,0.0,male
217,manu,1.0,0.0,male,1.0,0.0,male
218,manuel,1.0,0.0,male,1.0,0.0,male
219,marc,1.0,0.0,male,1.0,0.0,male
220,marc-andré,0.0,1.0,female,0.0,1.0,female
221,marcel,1.0,0.0,male,1.0,0.0,male
222,mario,1.0,1.0,both,1.0,0.0,male
223,mark,1.0,0.0,male,1.0,0.0,male
224,mateo,1.0,0.0,male,1.0,0.0,male
225,matien,1.0,1.0,both,1.0,1.0,both
226,matt,1.0,0.0,male,1.0,0.0,male
227,matteo,1.0,0.0,male,1.0,0.0,male
228,matthew,1.0,0.0,male,1.0,0.0,male
229,max,1.0,1.0,both,1.0,1.0,both
230,maxime,1.0,1.0,both,0.0,1.0,female
231,maximus,1.0,0.0,male,1.0,0.0,male
232,maycon,1.0,0.0,male,1.0,0.0,male
233,mccormack,1.0,0.0,male,1.0,0.0,male
234,mic,1.0,0.0,male,1.0,0.0,male
235,michael,1.0,0.0,male,1.0,0.0,male
236,michel,1.0,1.0,both,1.0,1.0,both
237,mick,1.0,0.0,male,1.0,0.0,male
238,miguel,1.0,0.0,male,1.0,0.0,male
239,mike,1.0,0.0,male,1.0,0.0,male
240,mind,0.0,1.0,female,1.0,1.0,both
241,miriam,0.0,1.0,female,0.0,1.0,female
242,mj,1.0,1.0,both,1.0,1.0,both
243,mk,1.0,0.0,male,1.0,0.0,male
244,mo,1.0,0.0,male,1.0,0.0,male
245,mohammed,1.0,0.0,male,1.0,0.0,male
246,movie,1.0,1.0,both,1.0,1.0,both
247,nam,1.0,0.0,male,1.0,0.0,male
248,natalie,0.0,1.0,female,0.0,1.0,female
249,nathan,1.0,0.0,male,1.0,0.0,male
250,ned,1.0,0.0,male,1.0,0.0,male
251,nelson,1.0,0.0,male,1.0,0.0,male
252,nicholas,1.0,0.0,male,1.0,0.0,male
253,nicholas%20,1.0,0.0,male,1.0,0.0,male
254,nick,1.0,0.0,male,1.0,0.0,male
255,nico,1.0,0.0,male,1.0,0.0,male
256,nicolas,1.0,0.0,male,1.0,0.0,male
257,nicolas%20,1.0,0.0,male,1.0,0.0,male
258,nicole,0.0,1.0,female,0.0,1.0,female
259,nikolas,1.0,0.0,male,1.0,0.0,male
260,noel,0.0,1.0,female,1.0,1.0,both
261,oliver,1.0,0.0,male,1.0,0.0,male
262,olivia,0.0,1.0,female,0.0,1.0,female
263,opszelda,0.0,1.0,female,0.0,1.0,female
264,ozy,1.0,0.0,male,1.0,0.0,male
265,p,1.0,0.0,male,1.0,0.0,male
266,patrick,1.0,0.0,male,1.0,0.0,male
267,paul,1.0,0.0,male,1.0,0.0,male
268,pdog,1.0,0.0,male,1.0,0.0,male
269,petar,1.0,0.0,male,1.0,0.0,male
270,phil,1.0,1.0,both,1.0,0.0,male
271,philip,1.0,0.0,male,1.0,0.0,male
272,pierre,1.0,0.0,male,1.0,0.0,male
273,poop,1.0,1.0,both,1.0,0.0,male
274,private,1.0,1.0,both,1.0,1.0,both
275,r,1.0,0.0,male,1.0,0.0,male
276,rafael,1.0,0.0,male,1.0,0.0,male
277,ramsey,1.0,0.0,male,1.0,0.0,male
278,ray,1.0,1.0,both,1.0,0.0,male
279,rebecca,0.0,1.0,female,0.0,1.0,female
280,reggie,1.0,1.0,both,1.0,0.0,male
281,reid,1.0,0.0,male,1.0,0.0,male
282,ricardo,1.0,0.0,male,1.0,0.0,male
283,richard%20,1.0,0.0,male,1.0,0.0,male
284,rick,1.0,0.0,male,1.0,0.0,male
285,rob,1.0,0.0,male,1.0,0.0,male
286,robert,1.0,0.0,male,1.0,0.0,male
287,roger,1.0,0.0,male,1.0,0.0,male
288,rohan,1.0,0.0,male,1.0,0.0,male
289,ronnie,1.0,1.0,both,0.0,1.0,female
290,ryan,1.0,0.0,male,1.0,0.0,male
291,s,1.0,0.0,male,1.0,0.0,male
292,sam,1.0,1.0,both,1.0,1.0,both
293,samantha,0.0,1.0,female,0.0,1.0,female
294,samuel,1.0,0.0,male,1.0,0.0,male
295,sanjay,1.0,1.0,both,1.0,0.0,male
296,sarah,0.0,1.0,female,0.0,1.0,female
297,scott,1.0,0.0,male,1.0,0.0,male
298,scottfi,1.0,0.0,male,1.0,0.0,male
299,sean,1.0,1.0,both,1.0,1.0,both
300,sebastian,1.0,0.0,male,1.0,0.0,male
301,sergio,1.0,0.0,male,1.0,0.0,male
302,seth,1.0,0.0,male,1.0,0.0,male
303,shahmir,0.0,1.0,female,1.0,1.0,both
304,shane,1.0,1.0,both,1.0,1.0,both
305,shin,1.0,0.0,male,1.0,1.0,both
306,shirdi,0.0,1.0,female,0.0,1.0,female
307,simon,1.0,0.0,male,1.0,0.0,male
308,slade,1.0,0.0,male,1.0,0.0,male
309,sneed,1.0,0.0,male,1.0,0.0,male
310,somchai,0.0,1.0,female,1.0,0.0,male
311,spencer,1.0,0.0,male,1.0,0.0,male
312,stanton,1.0,0.0,male,1.0,0.0,male
313,stefanie,0.0,1.0,female,0.0,1.0,female
314,stephen,1.0,0.0,male,1.0,0.0,male
315,sterling,1.0,0.0,male,1.0,0.0,male
316,steve,1.0,0.0,male,1.0,0.0,male
317,steve%20,1.0,0.0,male,1.0,0.0,male
318,steven,1.0,0.0,male,1.0,0.0,male
319,sue,0.0,1.0,female,0.0,1.0,female
320,szymon,1.0,0.0,male,1.0,0.0,male
321,t,1.0,0.0,male,1.0,0.0,male
322,tad,1.0,0.0,male,1.0,0.0,male
323,tadeu,1.0,0.0,male,1.0,0.0,male
324,tahseen,0.0,1.0,female,0.0,1.0,female
325,talha,0.0,1.0,female,0.0,1.0,female
326,tanel%20,0.0,1.0,female,0.0,1.0,female
327,tao,1.0,0.0,male,1.0,0.0,male
328,tayloe,1.0,0.0,male,1.0,0.0,male
329,taylor,1.0,0.0,male,1.0,0.0,male
330,teddy,1.0,1.0,both,1.0,1.0,both
331,teresa,0.0,1.0,female,0.0,1.0,female
332,thomas,1.0,0.0,male,1.0,0.0,male
333,thunderstroke,1.0,0.0,male,1.0,0.0,male
334,tiffany,0.0,1.0,female,0.0,1.0,female
335,tim,1.0,1.0,both,1.0,0.0,male
336,timothy,1.0,0.0,male,1.0,0.0,male
337,tom,1.0,0.0,male,1.0,0.0,male
338,tomislav,1.0,1.0,both,1.0,1.0,both
339,tommy,1.0,1.0,both,1.0,0.0,male
340,tony,1.0,1.0,both,1.0,1.0,both
341,tracy,1.0,1.0,both,1.0,1.0,both
342,trump,1.0,0.0,male,1.0,0.0,male
343,tucker,1.0,0.0,male,1.0,0.0,male
344,val,1.0,1.0,both,1.0,1.0,both
345,vicki,0.0,1.0,female,0.0,1.0,female
346,vince,1.0,0.0,male,1.0,0.0,male
347,vincent,1.0,0.0,male,1.0,0.0,male
348,vishnunath,1.0,1.0,both,1.0,1.0,both
349,vivek,0.0,1.0,female,0.0,1.0,female
350,will,1.0,0.0,male,1.0,0.0,male
351,willem,1.0,0.0,male,1.0,0.0,male
352,william,1.0,0.0,male,1.0,0.0,male
353,wolf,1.0,0.0,male,1.0,0.0,male
354,z,1.0,0.0,male,1.0,0.0,male
355,zeke,1.0,0.0,male,1.0,0.0,male
356,éva,0.0,1.0,female,0.0,1.0,female
