first_name,male,female,sex
,1,1,both
?ukasz,1,0,male
a,0,1,female
aaron,1,0,male
abdallah,1,0,male
abduljalil,1,1,both
adam,1,0,male
adrian,1,1,both
aharon,1,0,male
al,1,1,both
alan,1,0,male
alex,1,1,both
alexandra,0,1,female
alfredo,1,0,male
alien,1,1,both
alpan,1,0,male
anders,1,0,male
andre,1,0,male
andreas,1,0,male
andres,1,0,male
andrew,1,0,male
andy,1,1,both
anirudh,0,1,female
ansar,1,0,male
antti,0,1,female
arnold,1,0,male
arthur,1,0,male
ashley,0,1,female
ashton,1,0,male
asjdasod,1,0,male
atlas,1,0,male
augusto,1,0,male
austin,1,1,both
axel,1,0,male
aysu,1,1,both
bantha,0,1,female
bastian,1,0,male
beau,1,1,both
ben,1,0,male
ben%20,1,0,male
benjamin,1,0,male
bob,1,0,male
bonger,1,0,male
boooooo,1,1,both
brad,1,0,male
brandon,1,0,male
brendan%20,1,0,male
brian,1,0,male
broden%20,1,0,male
bruno,1,0,male
bryan,1,0,male
bryce,1,0,male
caleb,1,0,male
car,1,0,male
carlos,1,0,male
carmella,0,1,female
casey,0,1,female
cathie,0,1,female
ceorcan,0,1,female
chen,1,0,male
chiara,0,1,female
chris,1,1,both
christa,0,1,female
christian,1,1,both
christopher,1,0,male
churbology,1,0,male
clayton,1,0,male
clifford,1,0,male
cody,0,1,female
connor,1,0,male
curtis,1,0,male
dan,1,0,male
daniel,1,0,male
daniel%20,1,0,male
danny,1,0,male
darren,1,0,male
darth,1,0,male
dave,1,0,male
david,1,0,male
dc,1,0,male
deanna,0,1,female
defender,1,0,male
dehorb,1,1,both
demetrius,1,0,male
demian,1,0,male
denis,1,0,male
derek,1,0,male
dick,1,0,male
diego,1,0,male
digital,1,1,both
dmitry,1,0,male
don,1,0,male
donald,1,0,male
drag,1,0,male
dude,1,0,male
dylan,1,0,male
ed,1,0,male
eddie,1,0,male
edrei,0,1,female
edward,1,0,male
elizabeth,0,1,female
elliot,1,0,male
elroy,1,0,male
emilia,0,1,female
eric,1,0,male
erin,0,1,female
eun,1,1,both
everybody,1,1,both
f,1,0,male
fahran,1,1,both
falko,0,1,female
farl,0,0,both
felipe,1,0,male
florrie,0,1,female
francesco,1,0,male
francisco,1,0,male
franklyn,1,0,male
g,1,0,male
gabe,1,0,male
gabriel,1,1,both
garrett,1,0,male
gary,1,0,male
gaz,1,0,male
gene,1,1,both
george,1,1,both
gerald,1,0,male
gil,1,0,male
gilles,1,1,both
glen,0,1,female
greg,1,0,male
gregory,1,0,male
guillaume,1,0,male
h,1,0,male
hals,1,0,male
handan,1,0,male
hedley,0,1,female
helen,0,1,female
henry,1,0,male
henry_macyd,1,0,male
hugh,1,0,male
ian,1,0,male
ilsa,0,1,female
im,1,0,male
israel,1,0,male
istvan,1,0,male
j,1,0,male
jacob,1,0,male
jacque,0,1,female
jaeson,1,0,male
jaime,0,1,female
jake,1,0,male
james,1,0,male
jan,1,1,both
jar,1,0,male
jared,1,0,male
jason,1,0,male
jd,1,0,male
jeff,1,0,male
jeremy,1,0,male
jeroen,1,0,male
jeromy,1,0,male
jerry,1,1,both
jill,0,1,female
jim,1,0,male
jin,1,0,male
joaquim,1,0,male
joe,1,0,male
joel,1,0,male
john,1,0,male
jon,1,0,male
jonah,1,0,male
jonathan,1,0,male
jonathon,1,0,male
joo,1,1,both
jose,0,0,both
jose%20,1,0,male
joseph,1,0,male
josh,1,0,male
josh%20,1,0,male
joshua,1,0,male
jr,1,0,male
juan,1,0,male
judson,1,0,male
justin,1,0,male
k,1,0,male
kai,1,1,both
karl,1,0,male
katie,0,1,female
keith,1,0,male
kenneth,1,0,male
kenny,1,0,male
kevin,1,0,male
kevin%20,1,0,male
khoi,0,1,female
kieran,1,1,both
komgrich,1,0,male
kwarkon,1,0,male
kyle,1,0,male
l,1,1,both
larry,1,0,male
laura,0,1,female
laurence,1,0,male
le,1,1,both
leandra,0,1,female
lee,0,1,female
lezlier,1,1,both
linn,0,1,female
lisa,0,1,female
liz,0,1,female
logan,1,0,male
lucia,0,1,female
luke,1,0,male
luqman,1,0,male
lydia,0,1,female
m,1,0,male
madisshya,0,1,female
major,1,0,male
manu,1,0,male
manuel,1,0,male
marc,1,0,male
marc-andré,0,1,female
marcel,1,0,male
mario,1,0,male
mark,1,0,male
mateo,1,0,male
matien,1,1,both
matt,1,0,male
matteo,1,0,male
matthew,1,0,male
max,1,1,both
maxime,0,1,female
maximus,1,0,male
maycon,1,0,male
mccormack,1,0,male
mic,1,0,male
michael,1,0,male
michel,1,1,both
mick,1,0,male
miguel,1,0,male
mike,1,0,male
mind,1,1,both
miriam,0,1,female
mj,1,1,both
mk,1,0,male
mo,1,0,male
mohammed,1,0,male
movie,1,1,both
nam,1,0,male
natalie,0,1,female
nathan,1,0,male
ned,1,0,male
nelson,1,0,male
nicholas,1,0,male
nicholas%20,1,0,male
nick,1,0,male
nico,1,0,male
nicolas,1,0,male
nicolas%20,1,0,male
nicole,0,1,female
nikolas,1,0,male
noel,1,1,both
oliver,1,0,male
olivia,0,1,female
opszelda,0,1,female
ozy,1,0,male
p,1,0,male
patrick,1,0,male
paul,1,0,male
pdog,1,0,male
petar,1,0,male
phil,1,0,male
philip,1,0,male
pierre,1,0,male
poop,1,0,male
private,1,1,both
r,1,0,male
rafael,1,0,male
ramsey,1,0,male
ray,1,0,male
rebecca,0,1,female
reggie,1,0,male
reid,1,0,male
ricardo,1,0,male
richard%20,1,0,male
rick,1,0,male
rob,1,0,male
robert,1,0,male
roger,1,0,male
rohan,1,0,male
ronnie,0,1,female
ryan,1,0,male
s,1,0,male
sam,1,1,both
samantha,0,1,female
samuel,1,0,male
sanjay,1,0,male
sarah,0,1,female
scott,1,0,male
scottfi,1,0,male
sean,1,1,both
sebastian,1,0,male
sergio,1,0,male
seth,1,0,male
shahmir,1,1,both
shane,1,1,both
shin,1,1,both
shirdi,0,1,female
simon,1,0,male
slade,1,0,male
sneed,1,0,male
somchai,1,0,male
spencer,1,0,male
stanton,1,0,male
stefanie,0,1,female
stephen,1,0,male
sterling,1,0,male
steve,1,0,male
steve%20,1,0,male
steven,1,0,male
sue,0,1,female
szymon,1,0,male
t,1,0,male
tad,1,0,male
tadeu,1,0,male
tahseen,0,1,female
talha,0,1,female
tanel%20,0,1,female
tao,1,0,male
tayloe,1,0,male
taylor,1,0,male
teddy,1,1,both
teresa,0,1,female
thomas,1,0,male
thunderstroke,1,0,male
tiffany,0,1,female
tim,1,0,male
timothy,1,0,male
tom,1,0,male
tomislav,1,1,both
tommy,1,0,male
tony,1,1,both
tracy,1,1,both
trump,1,0,male
tucker,1,0,male
val,1,1,both
vicki,0,1,female
vince,1,0,male
vincent,1,0,male
vishnunath,1,1,both
vivek,0,1,female
will,1,0,male
willem,1,0,male
william,1,0,male
wolf,1,0,male
z,1,0,male
zeke,1,0,male
éva,0,1,female
